artificial intelligence,1
machine learning,1
this year,0
blockchain technology,1
last year,0
virtual reality,1
autonomous vehicles,1
augmented reality,1
this week,0
next year,0
earlier this year,0
3d printing,1
last week,0
this technology,0
quantum computing,1
self-driving cars,1
big data,1
cloud computing,1
each other,0
iot devices,1
recent years,0
last month,0
microsoft azure,1
google cloud,1
real time,1
digital transformation,1
more information,0
north america,1
amazon web services,1
new york,1
deep learning,1
an opportunity,0
new technologies,0
google cloud platform,1
quantum computers,1
hong kong,1
any time,0
smart cities,1
two years,0
their customers,0
this time,0
south korea,1
this article,0
vice president,1
these technologies,0
emerging technologies,1
an example,0
climate change,1
san francisco,1
this report,0
our customers,0
autonomous cars,1
every day,0
5g networks,1
5g technology,1
social media,1
these devices,0
self-driving vehicles,1
multiple clouds,0
los angeles,1
its customers,0
autonomous driving,1
connected devices,1
computer vision,1
natural language processing,1
an effort,0
new ways,0
this month,0
all rights,0
alibaba cloud,1
other words,0
this data,0
no one,0
an interview,0
its partners,0
an organization,0
globe newswire,1
five years,0
data analytics,1
each year,0
this site,0
this information,0
three years,0
electric vehicles,1
silicon valley,1
mobile devices,1
new technology,1
financial services,1
an area,0
their data,0
low earth orbit,1
saudi arabia,1
its way,0
new opportunities,0
some time,0
smart contracts,1
one day,0
its own,0
this case,0
every year,0
this project,0
an agreement,0
this kind,0
earlier this month,0
their work,0
their business,0
computer science,1
many people,0
‚Äôs ability,0
their way,0
its ability,0
an increase,0
other companies,0
general manager,1
other countries,0
this process,0
president donald trump,1
this approach,0
cloud services,1
data science,1
industry 4. 0,1
these systems,0
this type,0
that data,0
driverless cars,1
las vegas,1
his team,0
their businesses,0
market share,1
this website,0
10 years,0
service providers,1
an array,0
this way,0
many companies,0
other means,0
this partnership,0
quantum supremacy,1
that time,0
our lives,0
elon musk,1
these days,0
an app,0
their own,0
most people,0
their products,0
these companies,0
his company,0
smart devices,1
third parties,1
one thing,0
this point,0
an event,0
health care,1
next week,0
best practices,1
iot solutions,1
this market,0
ai technology,1
public roads,1
some cases,0
their ability,0
new delhi,1
my information,0
edge computing,1
its platform,0
my professional interests,0
this study,0
managing director,1
its technology,0
several years,0
end users,0
new zealand,1
other areas,0
more data,0
other things,0
its kind,0
next month,0
new york city,1
asia pacific,1
earlier this week,0
financial institutions,1
this one,0
use cases,1
our country,0
ai systems,1
an application,0
research and development,1
all the way,0
cyber security,1
researchandmarkets. com,0
other technologies,0
an issue,0
predictive analytics,1
many years,0
neural networks,1
new products,0
abu dhabi,1
advanced analytics,1
patient data,1
additive manufacturing,1
data scientists,1
3d printers,1
tech companies,1
facial recognition,1
an article,0
new features,0
their operations,0
personal data,1
all kinds,0
large amounts,0
this problem,0
mixed reality,1
newspaper column,1
any form,0
radio show,1
latin america,1
south africa,1
tens of thousands,0
electric cars,1
Oct-19,0
senior vice president,1
‚Äôs work,0
customer experience,1
5g services,1
southeast asia,1
various industries,0
this work,0
this issue,0
key players,1
industry leaders,1
‚Äôs technology,0
ai technologies,1
many cases,0
no liability,0
industrial internet,1
president trump,1
this system,0
higher resolution,0
20 years,0
four years,0
one example,0
iot technology,1
some people,0
government agencies,1
an impact,0
his colleagues,0
24 hours,0
both companies,0
educational and ethical testing purposes,1
different types,0
"all applicable local, state and federal laws",1
any misuse or damage,0
an important role,0
many others,0
industry experts,1
this area,0
six months,0
its website,0
an email,0
google stadia,1
his work,0
our website,0
both sides,0
an eye,0
market size,1
such content,0
products and services,1
its products,0
virtual and augmented reality,1
early 2020,0
wall street,1
real-time data,1
digital technologies,1
these issues,0
an object,0
this space,0
quantum mechanics,1
video games,1
president and ceo,1
its business,0
Mar-18,0
an industry,0
these solutions,0
executive director,0
these challenges,0
china daily information co,0
written authorization,0
science and technology,1
iot security,1
‚Äôs office,0
middle east,1
san diego,1
multimedia information,0
an alternative,0
its use,0
an ecosystem,0
more time,0
machine learning models,1
Sep-19,0
industrial iot,1
south america,1
‚Äôs efforts,0